{
    "0": {
        "indices": [
            827,
            146,
            315,
            490,
            835,
            296,
            485,
            333,
            741,
            531
        ],
        "valores": [
            -0.05630948767066002,
            0.05399111658334732,
            -0.05325615406036377,
            -0.04741881787776947,
            0.04579349234700203,
            -0.04313042759895325,
            -0.04249913617968559,
            0.04160487279295921,
            0.04055185616016388,
            -0.039908267557621
        ],
        "magnitud_total": 0.4394253999936398
    },
    "1": {
        "indices": [
            757,
            872,
            190,
            131,
            67,
            396,
            463,
            424,
            314,
            291
        ],
        "valores": [
            -1.2553486824035645,
            0.7458661794662476,
            -0.7133685350418091,
            0.6888535022735596,
            0.6533748507499695,
            -0.6145656108856201,
            -0.5899088382720947,
            0.5680223703384399,
            0.5602572560310364,
            -0.5554648637771606
        ],
        "magnitud_total": 3.61243854870936
    },
    "2": {
        "indices": [
            757,
            872,
            67,
            131,
            396,
            291,
            190,
            314,
            463,
            95
        ],
        "valores": [
            -1.3680751323699951,
            0.874915599822998,
            0.864142894744873,
            0.7775617837905884,
            -0.7601865530014038,
            -0.7317579388618469,
            -0.7288331389427185,
            0.7170543670654297,
            -0.676327645778656,
            -0.6755120754241943
        ],
        "magnitud_total": 4.717677797106174
    },
    "3": {
        "indices": [
            62,
            757,
            53,
            67,
            872,
            131,
            490,
            570,
            396,
            173
        ],
        "valores": [
            -17.66292953491211,
            -1.7648385763168335,
            -1.130674958229065,
            1.1041678190231323,
            1.0163450241088867,
            0.9268178343772888,
            -0.9233918190002441,
            0.9220775961875916,
            -0.9214364290237427,
            -0.8162490725517273
        ],
        "magnitud_total": 18.830686008462912
    },
    "4": {
        "indices": [
            62,
            490,
            53,
            570,
            757,
            262,
            450,
            173,
            67,
            591
        ],
        "valores": [
            -35.6577262878418,
            -2.637944459915161,
            -2.1210391521453857,
            2.0211148262023926,
            -1.9225603342056274,
            -1.7159035205841064,
            1.5766631364822388,
            -1.4466745853424072,
            1.153009295463562,
            -1.134429931640625
        ],
        "magnitud_total": 36.693916489246334
    },
    "5": {
        "indices": [
            62,
            490,
            53,
            757,
            570,
            262,
            450,
            173,
            67,
            800
        ],
        "valores": [
            -35.60886764526367,
            -2.601707935333252,
            -2.094897985458374,
            -1.9664332866668701,
            1.8615047931671143,
            -1.7478728294372559,
            1.641759991645813,
            -1.464060664176941,
            1.2025790214538574,
            -1.1991863250732422
        ],
        "magnitud_total": 36.754000632478885
    },
    "6": {
        "indices": [
            62,
            490,
            53,
            757,
            570,
            450,
            262,
            173,
            67,
            872
        ],
        "valores": [
            -35.98572540283203,
            -2.438310384750366,
            -2.292558431625366,
            -1.9516887664794922,
            1.8790068626403809,
            1.747474193572998,
            -1.6855287551879883,
            -1.4539936780929565,
            1.1978421211242676,
            1.1898199319839478
        ],
        "magnitud_total": 37.114954010681195
    },
    "7": {
        "indices": [
            62,
            53,
            570,
            757,
            450,
            262,
            173,
            396,
            709,
            490
        ],
        "valores": [
            -36.05939483642578,
            -2.615894079208374,
            1.9483169317245483,
            -1.9298350811004639,
            1.8221194744110107,
            -1.6923515796661377,
            -1.3702600002288818,
            -1.281928539276123,
            -1.2590910196304321,
            -1.2557556629180908
        ],
        "magnitud_total": 37.27233606544946
    },
    "8": {
        "indices": [
            62,
            53,
            757,
            570,
            450,
            490,
            262,
            173,
            396,
            709
        ],
        "valores": [
            -36.17860412597656,
            -2.6637558937072754,
            -2.084603786468506,
            2.0507216453552246,
            1.8691191673278809,
            -1.7289674282073975,
            -1.6421418190002441,
            -1.4244287014007568,
            -1.4026871919631958,
            -1.3974628448486328
        ],
        "magnitud_total": 37.52002119111793
    },
    "9": {
        "indices": [
            62,
            53,
            757,
            570,
            450,
            56,
            173,
            262,
            709,
            396
        ],
        "valores": [
            -36.275455474853516,
            -2.8506221771240234,
            -2.063218116760254,
            1.9933834075927734,
            1.9462754726409912,
            1.78359854221344,
            -1.6182509660720825,
            -1.6028404235839844,
            -1.57186758518219,
            -1.4656769037246704
        ],
        "magnitud_total": 37.71415452647642
    },
    "10": {
        "indices": [
            62,
            53,
            757,
            450,
            56,
            570,
            173,
            709,
            262,
            131
        ],
        "valores": [
            -36.31568145751953,
            -2.8670578002929688,
            -2.197035789489746,
            2.0338659286499023,
            1.9379291534423828,
            1.8677592277526855,
            -1.563988208770752,
            -1.545654296875,
            -1.5074280500411987,
            1.4325674772262573
        ],
        "magnitud_total": 37.76482355265069
    },
    "11": {
        "indices": [
            62,
            53,
            757,
            450,
            570,
            56,
            173,
            709,
            262,
            131
        ],
        "valores": [
            -36.46043395996094,
            -2.961935043334961,
            -2.1970412731170654,
            2.0745534896850586,
            1.9337027072906494,
            1.793971300125122,
            -1.6455260515213013,
            -1.6454908847808838,
            -1.6454765796661377,
            1.4638558626174927
        ],
        "magnitud_total": 37.96817481110398
    },
    "12": {
        "indices": [
            62,
            53,
            757,
            56,
            450,
            570,
            173,
            709,
            262,
            131
        ],