{
    "0": {
        "coseno_pct": 90.98183157092072,
        "pearson_pct": 90.98496985282125,
        "diferencia_pct": 0.003138281900538775
    },
    "1": {
        "coseno_pct": 86.34302186528006,
        "pearson_pct": 86.37788177839255,
        "diferencia_pct": 0.03485991311248382
    },
    "2": {
        "coseno_pct": 90.1115984531232,
        "pearson_pct": 90.131112210347,
        "diferencia_pct": 0.019513757223810213
    },
    "3": {
        "coseno_pct": 88.07921827061827,
        "pearson_pct": 88.10167867167002,
        "diferencia_pct": 0.022460401051738188
    },
    "4": {
        "coseno_pct": 89.21402205748893,
        "pearson_pct": 89.24807117941315,
        "diferencia_pct": 0.03404912192420673
    },
    "5": {
        "coseno_pct": 88.01495614166727,
        "pearson_pct": 88.02361324738881,
        "diferencia_pct": 0.008657105721543434
    },
    "6": {
        "coseno_pct": 88.812046603664,
        "pearson_pct": 88.82899286851858,
        "diferencia_pct": 0.016946264854578175
    },
    "7": {
        "coseno_pct": 90.06009003487647,
        "pearson_pct": 90.07128590126227,
        "diferencia_pct": 0.01119586638580472
    },
    "8": {
        "coseno_pct": 89.28024362328574,
        "pearson_pct": 89.29229137361344,
        "diferencia_pct": 0.012047750327681683
    },
    "9": {
        "coseno_pct": 90.8782913288758,
        "pearson_pct": 90.88844410170144,
        "diferencia_pct": 0.010152772825633427
    }
}