{
    "soberania_\u00f1": {
        "es_en": 0.953111200236699,
        "es_zh": 0.9302983589926989
    },
    "confusion_n": {
        "es": 0.6743696234852525,
        "en": 0.6689438978041031,
        "zh": 0.7115514343485672
    }
}