{
    "0": {
        "es_en": 0.9098183157092071,
        "en_zh": 0.9065607398148223,
        "es_zh": 0.9033111189647542,
        "promedio": 0.9065633914962611
    },
    "1": {
        "es_en": 0.8634302186528007,
        "en_zh": 0.8279667538626471,
        "es_zh": 0.9203494009056246,
        "promedio": 0.8705821244736908
    },
    "2": {
        "es_en": 0.9011159845312319,
        "en_zh": 0.8575188997627704,
        "es_zh": 0.9102924116525598,
        "promedio": 0.8896424319821873
    },
    "3": {
        "es_en": 0.8807921827061828,
        "en_zh": 0.8291572367323959,
        "es_zh": 0.91374482245957,
        "promedio": 0.8745647472993828
    },
    "4": {
        "es_en": 0.8921402205748894,
        "en_zh": 0.8318361047311686,
        "es_zh": 0.9066497097655726,
        "promedio": 0.8768753450238768
    },
    "5": {
        "es_en": 0.8801495614166727,
        "en_zh": 0.8241002365512832,
        "es_zh": 0.8952335914798087,
        "promedio": 0.8664944631492548
    },
    "6": {
        "es_en": 0.8881204660366401,
        "en_zh": 0.8186529025474691,
        "es_zh": 0.8914084213965542,
        "promedio": 0.8660605966602212
    },
    "7": {
        "es_en": 0.9006009003487647,
        "en_zh": 0.8549165434174768,
        "es_zh": 0.8948214218050833,
        "promedio": 0.8834462885237749
    },
    "8": {
        "es_en": 0.8928024362328575,
        "en_zh": 0.8401838567850208,
        "es_zh": 0.8903844876095346,
        "promedio": 0.8744569268758043
    },
    "9": {
        "es_en": 0.908782913288758,
        "en_zh": 0.8707465448269874,
        "es_zh": 0.9073004147425823,
        "promedio": 0.8956099576194426
    }
}